;Ethereum;Gold
09/02/2018;6.76;7.182845911
12/02/2018;6.77;7.187430381
13/02/2018;6.73;7.192595818
14/02/2018;6.81;7.208400466
15/02/2018;6.83;7.210574701
16/02/2018;6.84;7.20560548
19/02/2018;6.85;7.205234205
20/02/2018;6.82;7.192325013
21/02/2018;6.72;7.188888454
22/02/2018;6.69;7.194474388
23/02/2018;6.72;7.191963826
26/02/2018;6.77;7.195697318
27/02/2018;6.78;7.184143819
28/02/2018;6.77;7.184105892
01/03/2018;6.77;7.183134481
02/03/2018;6.75;7.187468182
05/03/2018;6.75;7.185470345
06/03/2018;6.71;7.196356928
07/03/2018;6.62;7.189597835
08/03/2018;6.55;7.186893456
09/03/2018;6.55;7.188359865
12/03/2018;6.54;7.187732747
13/03/2018;6.52;7.190306712
14/03/2018;6.42;7.189054524
15/03/2018;6.40;7.182428097
16/03/2018;6.42;7.181013831
19/03/2018;6.29;7.1829978
20/03/2018;6.33;7.178781917
21/03/2018;6.33;7.194617015
22/03/2018;6.27;7.192204632
23/03/2018;6.26;7.205880135
26/03/2018;6.16;7.210449109
27/03/2018;6.13;7.204186466
28/03/2018;6.10;7.189175286
29/03/2018;5.95;7.189545026
30/03/2018;5.95;7.189529937
02/04/2018;5.93;7.201387116
03/04/2018;6.02;7.194992252
04/04/2018;5.95;7.195329846
05/04/2018;5.93;7.190351943
06/04/2018;5.91;7.195209826
09/04/2018;5.97;7.197697296
10/04/2018;6.02;7.2001562
11/04/2018;6.04;7.210360446
12/04/2018;6.14;7.196641626
13/04/2018;6.20;7.205041088
16/04/2018;6.22;7.204840503
17/04/2018;6.22;7.206021145
18/04/2018;6.26;7.207422739
19/04/2018;6.32;7.204543266
20/04/2018;6.39;7.197704779
23/04/2018;6.46;7.189039428
24/04/2018;6.56;7.193197344
25/04/2018;6.46;7.187755421
26/04/2018;6.47;7.18295983
27/04/2018;6.48;7.188412736
30/04/2018;6.51;7.181888479
01/05/2018;6.50;7.173076705
02/05/2018;6.52;7.173927668
03/05/2018;6.63;7.1793537
04/05/2018;6.67;7.181211644
07/05/2018;6.63;7.180991004
08/05/2018;6.61;7.181310536
09/05/2018;6.61;7.179856599
10/05/2018;6.60;7.186598403
11/05/2018;6.51;7.184856572
14/05/2018;6.61;7.180450609
15/05/2018;6.57;7.162808266
16/05/2018;6.54;7.162963229
17/05/2018;6.53;7.163009713
18/05/2018;6.53;7.164751314
21/05/2018;6.55;7.164410973
22/05/2018;6.48;7.163280828
23/05/2018;6.38;7.165037421
24/05/2018;6.38;7.173674755
25/05/2018;6.37;7.171848817
28/05/2018;6.26;7.169380809
29/05/2018;6.34;7.169172942
30/05/2018;6.31;7.171180519
31/05/2018;6.36;7.168972732
01/06/2018;6.34;7.165029689
04/06/2018;6.39;7.163962164
05/06/2018;6.41;7.167346471
06/06/2018;6.41;7.167346471
07/06/2018;6.40;7.167947956
08/06/2018;6.39;7.168710859
11/06/2018;6.25;7.170496396
12/06/2018;6.20;7.167014728
13/06/2018;6.15;7.169588633
14/06/2018;6.25;7.171848817
15/06/2018;6.20;7.153786889
18/06/2018;6.25;7.153301995
19/06/2018;6.27;7.150434755
20/06/2018;6.28;7.145085719
21/06/2018;6.26;7.14455713
22/06/2018;6.14;7.147213027
25/06/2018;6.13;7.143333202
26/06/2018;6.09;7.138104805
27/06/2018;6.07;7.132777065
28/06/2018;6.07;7.129497849
29/06/2018;6.02;7.13297667
02/07/2018;6.16;7.124510468
03/07/2018;6.15;7.133080449
04/07/2018;6.16;7.134882883
05/07/2018;6.14;7.137206893
06/07/2018;6.15;7.135273249
09/07/2018;6.16;7.137024033
10/07/2018;6.09;7.135321038
11/07/2018;6.08;7.124446056
12/07/2018;6.06;7.128808647
13/07/2018;6.06;7.126344475
16/07/2018;6.17;7.123616377
17/07/2018;6.21;7.112767446
18/07/2018;6.16;7.112743006
19/07/2018;6.15;7.109037606
20/07/2018;6.10;7.114387262
23/07/2018;6.10;7.110287876
24/07/2018;6.16;7.110304209
25/07/2018;6.16;7.116093774
26/07/2018;6.16;7.108808628
27/07/2018;6.15;7.110059185
30/07/2018;6.12;7.107793957
31/07/2018;6.07;7.110002005
01/08/2018;6.01;7.103289167
02/08/2018;6.02;7.09658064
03/08/2018;6.03;7.102417048
06/08/2018;6.00;7.096423321
07/08/2018;5.95;7.09917697
08/08/2018;5.88;7.10157712
09/08/2018;5.89;7.10041488
10/08/2018;5.84;7.098846602
13/08/2018;5.66;7.084645446
14/08/2018;5.56;7.085139668
15/08/2018;5.66;7.068895759
16/08/2018;5.65;7.068308277
17/08/2018;5.70;7.076864942
20/08/2018;5.66;7.082111866
21/08/2018;5.62;7.086729573
22/08/2018;5.59;7.086570696
23/08/2018;5.61;7.077970516
24/08/2018;5.63;7.09452526
27/08/2018;5.62;7.099515485
28/08/2018;5.68;7.090909822
29/08/2018;5.67;7.095561766
30/08/2018;5.65;7.090060169
31/08/2018;5.65;7.09103471
03/09/2018;5.67;7.091134609
04/09/2018;5.65;7.082985082
05/09/2018;5.50;7.087348116
06/09/2018;5.41;7.090060169
07/09/2018;5.38;7.087515224
10/09/2018;5.28;7.086637595
11/09/2018;5.20;7.088901145
12/09/2018;5.20;7.095263362
13/09/2018;5.33;7.091301086
14/09/2018;5.38;7.085775933
17/09/2018;5.27;7.091292763
18/09/2018;5.34;7.088709234
19/09/2018;5.35;7.093437848
20/09/2018;5.34;7.09604234
21/09/2018;5.49;7.090110169
24/09/2018;5.46;7.089268176
25/09/2018;5.37;7.091092986
26/09/2018;5.39;7.085432735
27/09/2018;5.43;7.075665151
28/09/2018;5.39;7.082447809
01/10/2018;5.43;7.080859486
02/10/2018;5.42;7.092839682
03/10/2018;5.38;7.08786606
04/10/2018;5.40;7.090010167
05/10/2018;5.40;7.09309727
08/10/2018;5.43;7.080093838
09/10/2018;5.42;7.08151529
10/10/2018;5.41;7.085725717
11/10/2018;5.29;7.10995299
12/10/2018;5.27;7.104185177
15/10/2018;5.31;7.112376343
16/10/2018;5.32;7.110655306
17/10/2018;5.31;7.108481427
18/10/2018;5.29;7.111357129
19/10/2018;5.30;7.11191171
22/10/2018;5.31;7.108325969
23/10/2018;5.30;7.115013321
24/10/2018;5.31;7.117846012
25/10/2018;5.30;7.116532122
26/10/2018;5.30;7.117635257
29/10/2018;5.26;7.114297792
30/10/2018;5.27;7.109004898
31/10/2018;5.28;7.102301805
01/11/2018;5.28;7.117554185
02/11/2018;5.30;7.117116286
05/11/2018;5.33;7.115980097
06/11/2018;5.37;7.112482282
07/11/2018;5.38;7.11191171
08/11/2018;5.36;7.109879463
09/11/2018;5.34;7.098086341
12/11/2018;5.34;7.090385122
13/11/2018;5.32;7.091933445
14/11/2018;5.17;7.099102647
15/11/2018;5.17;7.10114865
16/11/2018;5.14;7.109356451
19/11/2018;4.99;7.110018342
20/11/2018;4.88;7.107965869
21/11/2018;4.88;7.111544742
22/11/2018;4.86;7.113663146
23/11/2018;4.79;7.109103018
26/11/2018;4.65;7.108571418
27/11/2018;4.69;7.102540507
28/11/2018;4.79;7.107613827
29/11/2018;4.75;7.110051017
30/11/2018;4.71;7.107032276
03/12/2018;4.69;7.115314016
04/12/2018;4.69;7.121688546
05/12/2018;4.62;7.120678783
06/12/2018;4.55;7.121074731
07/12/2018;4.53;7.130346678
10/12/2018;4.49;7.12645698
11/12/2018;4.48;7.125484198
12/12/2018;4.50;7.127420789
13/12/2018;4.43;7.124470211
14/12/2018;4.40;7.122076024
17/12/2018;4.54;7.127573307
18/12/2018;4.54;7.130434723
19/12/2018;4.59;7.12534745
20/12/2018;4.74;7.138755883
21/12/2018;4.68;7.136435475
24/12/2018;4.96;7.146157818
25/12/2018;4.87;7.145621912
26/12/2018;4.86;7.144517671
27/12/2018;4.75;7.151258165
28/12/2018;4.90;7.155169891
31/12/2018;4.87;7.15655878
01/01/2019;4.93;7.156644547
02/01/2019;5.04;7.15819488
03/01/2019;5.00;7.165709835
04/01/2019;5.04;7.159330784
07/01/2019;5.01;7.161784907
08/01/2019;5.00;7.158817453
09/01/2019;5.01;7.165153386
10/01/2019;4.84;7.15979722
11/01/2019;4.83;7.162591277
14/01/2019;4.85;7.163729943
15/01/2019;4.77;7.16201758
16/01/2019;4.81;7.165238419
17/01/2019;4.80;7.163985383
18/01/2019;4.78;7.156262437
21/01/2019;4.75;7.154982477
22/01/2019;4.77;7.158685189
23/01/2019;4.76;7.156738102
24/01/2019;4.76;7.155560223
25/01/2019;4.74;7.174149872
28/01/2019;4.64;7.172700824
29/01/2019;4.65;7.179147896
30/01/2019;4.68;7.185318831
31/01/2019;4.66;7.186333537
01/02/2019;4.67;7.18385554
04/02/2019;4.67;7.1794985
05/02/2019;4.66;7.181835261
06/02/2019;4.64;7.175183622
07/02/2019;4.64;7.177866382
08/02/2019;4.77;7.181051875
11/02/2019;4.78;7.176346271
12/02/2019;4.78;7.178392917
13/02/2019;4.79;7.174931027
14/02/2019;4.79;7.179742326
15/02/2019;4.79;7.187271602
18/02/2019;4.95;7.190593137
19/02/2019;4.96;7.20112614
20/02/2019;4.98;7.199260036
21/02/2019;4.97;7.188133241
22/02/2019;4.99;7.192482992
25/02/2019;4.91;7.191113015
26/02/2019;4.90;7.19215196
27/02/2019;4.87;7.185280949
28/02/2019;4.91;7.180313561
01/03/2019;4.91;7.165060615
04/03/2019;4.83;7.159867167
05/03/2019;4.91;7.160853671
06/03/2019;4.92;7.159571803
07/03/2019;4.92;7.158988593
08/03/2019;4.91;7.168810995
11/03/2019;4.88;7.16499103
12/03/2019;4.89;7.17133419
13/03/2019;4.88;7.177110435
14/03/2019;4.88;7.167169041
15/03/2019;4.91;7.171963995
18/03/2019;4.92;7.172969325
19/03/2019;4.92;7.175153008
20/03/2019;4.93;7.179711851
21/03/2019;4.91;7.177293747
22/03/2019;4.91;7.180587638
25/03/2019;4.88;7.186825375
26/03/2019;4.89;7.182131723
27/03/2019;4.92;7.177438846
28/03/2019;4.92;7.162723026
29/03/2019;4.95;7.164240759
01/04/2019;4.95;7.160628492
02/04/2019;5.07;7.164302658
03/04/2019;5.18;7.162343232
04/04/2019;5.05;7.16410921
05/04/2019;5.10;7.163760909
08/04/2019;5.20;7.168179201
09/04/2019;5.18;7.173268427
10/04/2019;5.17;7.176246887
11/04/2019;5.10;7.16434908
12/04/2019;5.10;7.162730775
15/04/2019;5.08;7.160807086
16/04/2019;5.11;7.152104395
17/04/2019;5.12;7.149901137
18/04/2019;5.17;7.151344388
19/04/2019;5.15;7.151109218
22/04/2019;5.15;7.150693614
23/04/2019;5.15;7.148675878
24/04/2019;5.10;7.151297358
25/04/2019;5.11;7.152401972
26/04/2019;5.02;7.159416314
29/04/2019;5.02;7.154537229
30/04/2019;5.05;7.157369374
01/05/2019;5.06;7.152080898
02/05/2019;5.07;7.147315339
03/05/2019;5.11;7.153919803
06/05/2019;5.16;7.155474363
07/05/2019;5.14;7.158070319
08/05/2019;5.13;7.155302621
09/05/2019;5.12;7.157797788
10/05/2019;5.15;7.159330784
13/05/2019;5.30;7.17005031
14/05/2019;5.32;7.167747502
15/05/2019;5.48;7.167415892
16/05/2019;5.54;7.159851624
17/05/2019;5.45;7.152683805
20/05/2019;5.54;7.15291078
21/05/2019;5.57;7.150450446
22/05/2019;5.51;7.149398649
23/05/2019;5.50;7.157307044
24/05/2019;5.54;7.158459521
27/05/2019;5.59;7.158794114
28/05/2019;5.61;7.154091782
29/05/2019;5.60;7.154443467
30/05/2019;5.57;7.161350438
31/05/2019;5.57;7.174402665
03/06/2019;5.57;7.189401673
04/06/2019;5.48;7.189560114
05/06/2019;5.50;7.193174794
06/06/2019;5.49;7.196933731
07/06/2019;5.51;7.201066478
10/06/2019;5.50;7.19141427
11/06/2019;5.50;7.190555454
12/06/2019;5.54;7.195622334
13/06/2019;5.56;7.202147289
14/06/2019;5.55;7.201692746
17/06/2019;5.61;7.200171129
18/06/2019;5.58;7.205345602
19/06/2019;5.59;7.215519351
20/06/2019;5.61;7.235936094
21/06/2019;5.68;7.243963195
24/06/2019;5.72;7.258214948
25/06/2019;5.73;7.260831756
26/06/2019;5.82;7.250635512
27/06/2019;5.67;7.251188943
28/06/2019;5.73;7.251025783
01/07/2019;5.67;7.23287041
02/07/2019;5.66;7.257460994
03/07/2019;5.68;7.257552626
04/07/2019;5.68;7.25564777
05/07/2019;5.66;7.243834581
08/07/2019;5.74;7.24102955
09/07/2019;5.72;7.242518914
10/07/2019;5.66;7.257721771
11/07/2019;5.58;7.246945248
12/07/2019;5.62;7.255414705
15/07/2019;5.44;7.25426978
16/07/2019;5.31;7.248667644
17/07/2019;5.36;7.263028241
18/07/2019;5.42;7.276625557
19/07/2019;5.40;7.262186708
22/07/2019;5.39;7.261842879
23/07/2019;5.38;7.256882813
24/07/2019;5.37;7.262530419
25/07/2019;5.39;7.254587946
26/07/2019;5.39;7.257637203
29/07/2019;5.36;7.263189453
30/07/2019;5.34;7.266044919
31/07/2019;5.37;7.254022247
01/08/2019;5.38;7.27598916
02/08/2019;5.37;7.272974615
05/08/2019;5.45;7.288722755
06/08/2019;5.42;7.296019971
07/08/2019;5.41;7.313993422
08/08/2019;5.38;7.31385352
09/08/2019;5.34;7.311184984
12/08/2019;5.36;7.320632847
13/08/2019;5.33;7.314226547
14/08/2019;5.24;7.324068005
15/08/2019;5.23;7.328627748
16/08/2019;5.22;7.322193343
19/08/2019;5.29;7.310496681
20/08/2019;5.28;7.318008904
21/08/2019;5.22;7.314985495
22/08/2019;5.26;7.311926217
23/08/2019;5.26;7.33103411
26/08/2019;5.23;7.331263297
27/08/2019;5.23;7.341360708
28/08/2019;5.14;7.338894632
29/08/2019;5.13;7.331472794
30/08/2019;5.13;7.326715583
02/09/2019;5.19;7.332558854
03/09/2019;5.20;7.34413749
04/09/2019;5.17;7.347654019
05/09/2019;5.15;7.325840418
06/09/2019;5.13;7.317756749
09/09/2019;5.19;7.312640219
10/09/2019;5.18;7.303695166
11/09/2019;5.18;7.311351976
12/09/2019;5.19;7.312726932
13/09/2019;5.20;7.305544335
16/09/2019;5.29;7.312173172
17/09/2019;5.36;7.314139964
18/09/2019;5.35;7.309212366
19/09/2019;5.39;7.312573511
20/09/2019;5.38;7.324424058
23/09/2019;5.32;7.327938213
24/09/2019;5.11;7.33424449
25/09/2019;5.14;7.315916749
26/09/2019;5.10;7.316401987
27/09/2019;5.14;7.311225064
30/09/2019;5.18;7.294710124
01/10/2019;5.18;7.299216117
02/10/2019;5.18;7.312853653
03/10/2019;5.15;7.316674415
04/10/2019;5.18;7.316322238
07/10/2019;5.19;7.308877638
08/10/2019;5.18;7.31688699
09/10/2019;5.26;7.316926843
10/10/2019;5.26;7.309205672
11/10/2019;5.20;7.305866749
14/10/2019;5.23;7.308683444
15/10/2019;5.18;7.300479566
16/10/2019;5.16;7.306618643
17/10/2019;5.17;7.307785646
18/10/2019;5.16;7.306564955
21/10/2019;5.16;7.302833294
22/10/2019;5.15;7.304973139
23/10/2019;5.08;7.307953206
24/10/2019;5.08;7.315870207
25/10/2019;5.20;7.3163023
28/10/2019;5.21;7.308214545
29/10/2019;5.25;7.305000026
30/10/2019;5.21;7.31032286
31/10/2019;5.20;7.321843104
01/11/2019;5.22;7.322734979
04/11/2019;5.23;7.319745717
05/11/2019;5.25;7.302233586
06/11/2019;5.25;7.306913876
07/11/2019;5.23;7.291983131
08/11/2019;5.22;7.285506549
11/11/2019;5.23;7.28335207
12/11/2019;5.23;7.283667985
13/11/2019;5.23;7.288640768
14/11/2019;5.22;7.293969607
15/11/2019;5.19;7.291799251
18/11/2019;5.18;7.294044363
19/11/2019;5.16;7.29468975
20/11/2019;5.16;7.294112319
21/11/2019;5.07;7.28920771
22/11/2019;5.03;7.28751276
25/11/2019;5.00;7.282939858
26/11/2019;5.00;7.287143317
27/11/2019;5.03;7.282376226
28/11/2019;5.03;7.283633651
29/11/2019;5.03;7.288914033
02/12/2019;5.00;7.287861553
03/12/2019;5.00;7.298181197
04/12/2019;4.98;7.296135264
05/12/2019;5.00;7.297091005
06/12/2019;5.00;7.286308146
09/12/2019;4.99;7.287341738
10/12/2019;4.98;7.289194052
11/12/2019;4.96;7.29633191
12/12/2019;4.97;7.292881616
13/12/2019;4.97;7.297314557
16/12/2019;4.88;7.297212949
17/12/2019;4.80;7.297240046
18/12/2019;4.87;7.296684418
19/12/2019;4.84;7.298986227
20/12/2019;4.85;7.29859394
23/12/2019;4.85;7.303701896
24/12/2019;4.85;7.312826976
25/12/2019;4.83;7.313113715
26/12/2019;4.84;7.320877662
27/12/2019;4.83;7.320235722
30/12/2019;4.88;7.323276323
31/12/2019;4.86;7.324667946
01/01/2020;4.88;7.324681128
02/01/2020;4.85;7.332454225
03/01/2020;4.89;7.347428558
06/01/2020;4.95;7.356113835
07/01/2020;4.96;7.361610471
08/01/2020;4.93;7.350143591
09/01/2020;4.92;7.347505865
10/01/2020;4.96;7.353939976
13/01/2020;4.97;7.344641532
14/01/2020;5.10;7.343678461
15/01/2020;5.11;7.35003436
16/01/2020;5.09;7.347628255
17/01/2020;5.14;7.350670303
20/01/2020;5.12;7.352934568
21/01/2020;5.13;7.351267335
22/01/2020;5.12;7.351658743
23/01/2020;5.09;7.354323942
24/01/2020;5.09;7.359804946
27/01/2020;5.14;7.366483074
28/01/2020;5.15;7.357026724
29/01/2020;5.17;7.363171782
30/01/2020;5.22;7.361553304
31/01/2020;5.20;7.370960854
03/02/2020;5.24;7.363108361
04/02/2020;5.23;7.347892309
05/02/2020;5.33;7.349886558
06/02/2020;5.36;7.356701244
07/02/2020;5.39;7.359111114
10/02/2020;5.41;7.360199388
11/02/2020;5.47;7.357486045
12/02/2020;5.60;7.35631819
13/02/2020;5.57;7.36264527
14/02/2020;5.65;7.36774645
17/02/2020;5.56;7.36589506
18/02/2020;5.64;7.378764652
19/02/2020;5.57;7.385044802
20/02/2020;5.56;7.389909786
21/02/2020;5.57;7.40452863
24/02/2020;5.57;7.414199318
25/02/2020;5.52;7.399483707
26/02/2020;5.41;7.403036715
27/02/2020;5.42;7.405501742
28/02/2020;5.42;7.368774923
02/03/2020;5.45;7.371137032
03/03/2020;5.41;7.403000151
04/03/2020;5.41;7.400577815
05/03/2020;5.44;7.421913344
06/03/2020;5.48;7.422869693
09/03/2020;5.29;7.426828795
10/03/2020;5.31;7.408166864
11/03/2020;5.26;7.399422548
12/03/2020;4.86;7.362740444
13/03/2020;4.86;7.332911897
16/03/2020;4.69;7.322576482
17/03/2020;4.78;7.331911286
18/03/2020;4.76;7.303876872
19/03/2020;4.92;7.293860862
20/03/2020;4.83;7.312319982
23/03/2020;4.88;7.348091913
24/03/2020;4.94;7.397757595
25/03/2020;4.91;7.388266015
26/03/2020;4.92;7.397157042
27/03/2020;4.92;7.395205822
30/03/2020;4.90;7.391729612
31/03/2020;4.90;7.363393721
01/04/2020;4.89;7.37243853
02/04/2020;4.95;7.386464653
03/04/2020;4.95;7.390681303
06/04/2020;5.10;7.415157048
07/04/2020;5.10;7.407147793
08/04/2020;5.15;7.406188432
09/04/2020;5.14;7.428766849
10/04/2020;5.07;7.436410998
13/04/2020;5.05;7.447366591
14/04/2020;5.07;7.454123707
15/04/2020;5.06;7.448351333
16/04/2020;5.15;7.448741466
17/04/2020;5.14;7.428226237
20/04/2020;5.15;7.435821427
21/04/2020;5.15;7.430232755
22/04/2020;5.21;7.446631773
23/04/2020;5.24;7.456171442
24/04/2020;5.24;7.455645447
27/04/2020;5.27;7.446579265
28/04/2020;5.28;7.442955416
29/04/2020;5.38;7.446240816
30/04/2020;5.36;7.430410655
01/05/2020;5.35;7.438630558
04/05/2020;5.33;7.439600436
05/05/2020;5.32;7.441859834
06/05/2020;5.33;7.429942119
07/05/2020;5.36;7.447786244
08/05/2020;5.37;7.439970505
11/05/2020;5.23;7.437165141
12/05/2020;5.25;7.439970505
13/05/2020;5.29;7.447914437
14/05/2020;5.31;7.456050083
15/05/2020;5.26;7.463747366
18/05/2020;5.36;7.457349591
19/05/2020;5.36;7.464538488
20/05/2020;5.35;7.466330526
21/05/2020;5.29;7.454141078
22/05/2020;5.34;7.458578237
25/05/2020;5.32;7.45700322
26/05/2020;5.31;7.444587773
27/05/2020;5.33;7.44393866
28/05/2020;5.37;7.449108168
29/05/2020;5.39;7.456032745
01/06/2020;5.49;7.461381738
02/06/2020;5.47;7.454546323
03/06/2020;5.49;7.438189394
04/06/2020;5.49;7.446590933
05/06/2020;5.49;7.42955645
08/06/2020;5.49;7.43751845
09/06/2020;5.50;7.447360761
10/06/2020;5.51;7.460892987
11/06/2020;5.45;7.454546323
12/06/2020;5.47;7.45631012
15/06/2020;5.45;7.453075079
16/06/2020;5.45;7.453868893
17/06/2020;5.44;7.454112126
18/06/2020;5.43;7.451781609
19/06/2020;5.43;7.46386206
22/06/2020;5.50;7.469899297
23/06/2020;5.50;7.477836117
24/06/2020;5.46;7.47373364
25/06/2020;5.45;7.475220182
26/06/2020;5.44;7.479463374
29/06/2020;5.43;7.480326778
30/06/2020;5.42;7.484907824
01/07/2020;5.44;7.478785672
02/07/2020;5.42;7.481769764
03/07/2020;5.42;7.48209077
06/07/2020;5.47;7.486994406
07/07/2020;5.47;7.492682303
08/07/2020;5.51;7.500468676
09/07/2020;5.49;7.497512224
10/07/2020;5.48;7.494819461
13/07/2020;5.48;7.497074103
14/07/2020;5.49;7.500728471
15/07/2020;5.47;7.501242332
16/07/2020;5.45;7.49396292
17/07/2020;5.45;7.501314142
20/07/2020;5.47;7.505365754
21/07/2020;5.50;7.518558356
22/07/2020;5.51;7.534447436
23/07/2020;5.61;7.542976693
24/07/2020;5.66;7.550671758
27/07/2020;5.78;7.571597225
28/07/2020;5.77;7.579898411
29/07/2020;5.78;7.586189757
30/07/2020;5.82;7.578983995
31/07/2020;5.85;7.588759026
03/08/2020;5.97;7.589325707
04/08/2020;5.96;7.610461625
05/08/2020;5.99;7.619783093
06/08/2020;5.98;7.632178234
07/08/2020;5.93;7.618521332
10/08/2020;5.98;7.614479868
11/08/2020;5.92;7.555847561
12/08/2020;5.96;7.557906228
13/08/2020;6.02;7.577485408
14/08/2020;6.08;7.573078951
17/08/2020;6.08;7.593525315
18/08/2020;6.06;7.602121716
19/08/2020;6.00;7.564746645
20/08/2020;6.03;7.574178535
21/08/2020;5.98;7.570690644
24/08/2020;5.99;7.564694803
25/08/2020;5.93;7.564331832
26/08/2020;5.96;7.577869219
27/08/2020;5.94;7.565036912
28/08/2020;5.98;7.583161007
31/08/2020;6.07;7.584671446
01/09/2020;6.18;7.585880188
02/09/2020;6.08;7.571947275
03/09/2020;6.01;7.565746673
04/09/2020;5.97;7.567314652
07/09/2020;5.84;7.567159516
08/09/2020;5.82;7.566326543
09/09/2020;5.87;7.573962824
10/09/2020;5.90;7.57357751
11/09/2020;5.91;7.570726717
14/09/2020;5.93;7.579096427
15/09/2020;5.90;7.577710595
16/09/2020;5.90;7.58032213
17/09/2020;5.97;7.572729297
18/09/2020;5.94;7.57602558
21/09/2020;5.85;7.556171794
22/09/2020;5.84;7.549719685
23/09/2020;5.78;7.530125855
24/09/2020;5.85;7.532661091
25/09/2020;5.87;7.529180868
28/09/2020;5.89;7.53981398
29/09/2020;5.88;7.548592859
30/09/2020;5.88;7.542118019
01/10/2020;5.86;7.552767331
02/10/2020;5.85;7.549524951
05/10/2020;5.86;7.556704983
06/10/2020;5.82;7.538058502
07/10/2020;5.83;7.542966096
08/10/2020;5.86;7.546351232
09/10/2020;5.90;7.565482514
12/10/2020;5.96;7.561522134
13/10/2020;5.94;7.545051426
14/10/2020;5.93;7.550408845
15/10/2020;5.94;7.5541829
16/10/2020;5.90;7.549235411
19/10/2020;5.94;7.551754231
20/10/2020;5.91;7.553260386
21/10/2020;5.98;7.562333134
22/10/2020;6.04;7.551769987
23/10/2020;6.01;7.550687531
26/10/2020;5.97;7.550703303
27/10/2020;6.00;7.553805611
28/10/2020;5.96;7.537531257
29/10/2020;5.96;7.532404109
30/10/2020;5.95;7.538393877
02/11/2020;5.95;7.547227384
03/11/2020;5.95;7.554423872
04/11/2020;5.99;7.551144828
05/11/2020;6.03;7.575410277
06/11/2020;6.10;7.57627672
09/11/2020;6.10;7.529964841
10/11/2020;6.11;7.537600507
11/11/2020;6.15;7.531407676
12/11/2020;6.14;7.537339462
13/11/2020;6.16;7.543908738
16/11/2020;6.13;7.543776398
17/11/2020;6.18;7.539229163
18/11/2020;6.16;7.534890854
19/11/2020;6.16;7.531841729
20/11/2020;6.23;7.534222982
23/11/2020;6.41;7.51635713
24/11/2020;6.40;7.499749745
25/11/2020;6.36;7.499733149
26/11/2020;6.24;7.504281421
27/11/2020;6.25;7.488735499
30/11/2020;6.41;7.48265369
01/12/2020;6.39;7.503972969
02/12/2020;6.39;7.512770455
03/12/2020;6.42;7.518107635
04/12/2020;6.36;7.516901093
07/12/2020;6.38;7.529798433
08/12/2020;6.34;7.53399313
09/12/2020;6.36;7.517276255
10/12/2020;6.33;7.515654981
11/12/2020;6.31;7.517439326
14/12/2020;6.37;7.510622109
15/12/2020;6.38;7.524906553
16/12/2020;6.44;7.530909088
17/12/2020;6.46;7.541905887
18/12/2020;6.48;7.539744883
21/12/2020;6.43;7.537371431
22/12/2020;6.43;7.528783278
23/12/2020;6.39;7.535237971
24/12/2020;6.41;7.54086579
28/12/2020;6.59;7.535665028
29/12/2020;6.59;7.538058502
30/12/2020;6.62;7.546652166
31/12/2020;6.61;7.548745635
01/01/2021;6.59;7.54890892
04/01/2021;6.92;7.571936981
05/01/2021;6.99;7.57558978
06/01/2021;7.08;7.559356245
07/01/2021;7.13;7.556924448
08/01/2021;7.08;7.52240564
11/01/2021;6.94;7.519632749
12/01/2021;6.98;7.525515978
13/01/2021;7.03;7.520510941
14/01/2021;7.08;7.521063481
15/01/2021;7.06;7.511223892
18/01/2021;7.12;7.518205399
19/01/2021;7.25;7.517673013
20/01/2021;7.19;7.534677183
21/01/2021;7.07;7.533704405
22/01/2021;7.13;7.525968762
25/01/2021;7.21;7.526141197
26/01/2021;7.20;7.523438092
27/01/2021;7.15;7.519681558
28/01/2021;7.21;7.519242194
29/01/2021;7.23;7.52166984
01/02/2021;7.21;7.528751034
02/02/2021;7.33;7.516449625
03/02/2021;7.40;7.514276463
04/02/2021;7.40;7.492219765
05/02/2021;7.45;7.503350268
08/02/2021;7.44;7.512513771
09/02/2021;7.48;7.51660739
10/02/2021;7.45;7.519090271
11/02/2021;7.48;7.509614679
12/02/2021;7.52;7.508913259
15/02/2021;7.49;7.50596521
16/02/2021;7.47;7.492464993
17/02/2021;7.53;7.482192119
18/02/2021;7.57;7.481933095
19/02/2021;7.58;7.486753438
22/02/2021;7.50;7.500899787
23/02/2021;7.34;7.498720221
24/02/2021;7.37;7.498349111
25/02/2021;7.33;7.47905116
26/02/2021;7.27;7.458209225
01/03/2021;7.34;7.453005518
02/03/2021;7.29;7.460697419
03/03/2021;7.37;7.444967689
04/03/2021;7.32;7.436923641
05/03/2021;7.33;7.43875993
08/03/2021;7.49;7.428653998
09/03/2021;7.51;7.447809553
10/03/2021;7.50;7.453973143
11/03/2021;7.52;7.451590056
12/03/2021;7.47;7.45420477
15/03/2021;7.49;7.45684154
16/03/2021;7.49;7.456685609
17/03/2021;7.50;7.464698929
18/03/2021;7.48;7.459580801
19/03/2021;7.51;7.464641631
22/03/2021;7.43;7.461082765
23/03/2021;7.42;7.45418161
24/03/2021;7.39;7.458584002
25/03/2021;7.38;7.454100545
26/03/2021;7.42;7.457332275
29/03/2021;7.50;7.445534372
30/03/2021;7.52;7.42963953
31/03/2021;7.57;7.442908571
01/04/2021;7.59;7.455477764
02/04/2021;7.65;7.455223295
05/04/2021;7.65;7.454876187
06/04/2021;7.66;7.463517939
07/04/2021;7.59;7.460329188
08/04/2021;7.63;7.470702654
09/04/2021;7.64;7.463867795
12/04/2021;7.67;7.457470792
13/04/2021;7.74;7.464802056
14/04/2021;7.77;7.45958656
15/04/2021;7.82;7.475310891
16/04/2021;7.81;7.482406044
19/04/2021;7.70;7.479542409
20/04/2021;7.74;7.483666149
21/04/2021;7.79;7.492085979
22/04/2021;7.78;7.48657968
23/04/2021;7.75;7.482794371
26/04/2021;7.81;7.485143624
27/04/2021;7.88;7.482456704
28/04/2021;7.90;7.485312018
29/04/2021;7.90;7.479965706
30/04/2021;7.92;7.478243179
03/05/2021;8.10;7.491578544
04/05/2021;8.13;7.483840414
05/05/2021;8.15;7.488220765
06/05/2021;8.15;7.503961951
07/05/2021;8.16;7.512748612
10/05/2021;8.27;7.515382697
11/05/2021;8.33;7.516144904
12/05/2021;8.32;7.50422084
13/05/2021;8.22;7.510277288
14/05/2021;8.29;7.519383246
17/05/2021;8.14;7.53203458
18/05/2021;8.14;7.5333942
19/05/2021;7.84;7.533490481
20/05/2021;7.92;7.537541911
21/05/2021;7.72;7.539691728
24/05/2021;7.87;7.539569462
25/05/2021;7.84;7.54921435
26/05/2021;7.94;7.547854996
27/05/2021;7.91;7.547786452
28/05/2021;7.79;7.55159141
31/05/2021;7.86;7.553218433
01/06/2021;7.85;7.549840717
02/06/2021;7.91;7.554009994
03/06/2021;7.95;7.534100044
04/06/2021;7.90;7.545173024
07/06/2021;7.88;7.549193289
08/06/2021;7.84;7.545860041
09/06/2021;7.85;7.543575208
10/06/2021;7.81;7.548824647
11/06/2021;7.78;7.537712362
14/06/2021;7.84;7.53164884
15/06/2021;7.83;7.527804746
16/06/2021;7.78;7.501893949
17/06/2021;7.76;7.480710274
18/06/2021;7.69;7.475429935
21/06/2021;7.57;7.486204037
22/06/2021;7.57;7.483660527
23/06/2021;7.57;7.483626795
24/06/2021;7.60;7.481651472
25/06/2021;7.53;7.485177305
28/06/2021;7.67;7.483514346
29/06/2021;7.69;7.473773385
30/06/2021;7.71;7.478796971
01/07/2021;7.66;7.482591785
02/07/2021;7.64;7.48846138
05/07/2021;7.70;7.490959237
06/07/2021;7.75;7.493918404
07/07/2021;7.77;7.49755658
08/07/2021;7.67;7.497112931
09/07/2021;7.67;7.500153516
12/07/2021;7.61;7.499024761
13/07/2021;7.57;7.499843789
14/07/2021;7.60;7.510720607
15/07/2021;7.56;7.511781586
16/07/2021;7.55;7.50221408
19/07/2021;7.51;7.502539625
20/07/2021;7.49;7.501281
21/07/2021;7.57;7.497573213
22/07/2021;7.61;7.499379017
23/07/2021;7.62;7.496735676
26/07/2021;7.73;7.49422441
27/07/2021;7.72;7.49503626
28/07/2021;7.74;7.499484163
29/07/2021;7.75;7.511070746
30/07/2021;7.79;7.503394366
02/08/2021;7.86;7.502997416
03/08/2021;7.82;7.501325189
04/08/2021;7.90;7.502042988
05/08/2021;7.94;7.497988948
06/08/2021;7.98;7.474789199
09/08/2021;8.03;7.455842005
10/08/2021;8.06;7.455257999
11/08/2021;8.08;7.468342024
12/08/2021;8.03;7.469026838
13/08/2021;8.10;7.484222565
16/08/2021;8.06;7.488545302
17/08/2021;8.03;7.487840139
18/08/2021;8.01;7.48875228
19/08/2021;8.06;7.484582104
20/08/2021;8.09;7.484992044
23/08/2021;8.11;7.49855407
24/08/2021;8.08;7.497151759
25/08/2021;8.07;7.490529402
26/08/2021;8.04;7.49132752
27/08/2021;8.09;7.505255723
30/08/2021;8.11;7.501269952
31/08/2021;8.13;7.503080127
01/09/2021;8.22;7.503234502
02/09/2021;8.25;7.500894261
03/09/2021;8.27;7.510830039
06/09/2021;8.28;7.50839784
07/09/2021;8.14;7.492403691
08/09/2021;8.15;7.489557406
09/09/2021;8.14;7.49252629
10/09/2021;8.09;7.488618029
13/09/2021;8.10;7.49206368
14/09/2021;8.12;7.498044366
15/09/2021;8.18;7.492236487
16/09/2021;8.16;7.469523035
17/09/2021;8.13;7.469847997
20/09/2021;8.01;7.475429935
21/09/2021;7.92;7.481279607
22/09/2021;8.02;7.477694737
23/09/2021;8.05;7.463225342
24/09/2021;7.99;7.467611038
27/09/2021;8.00;7.467462491
28/09/2021;7.96;7.458191924
29/09/2021;7.94;7.453776217
30/09/2021;8.00;7.47133463
01/10/2021;8.10;7.473625751
04/10/2021;8.13;7.478491858
05/10/2021;8.17;7.473171356
06/10/2021;8.18;7.474624696
07/10/2021;8.20;7.470668482
08/10/2021;8.18;7.471437075
11/10/2021;8.16;7.469739688
12/10/2021;8.15;7.473171356
13/10/2021;8.18;7.491628742
14/10/2021;8.23;7.493244863
15/10/2021;8.26;7.477389288
18/10/2021;8.23;7.475826646
19/10/2021;8.25;7.478333615
20/10/2021;8.32;7.4855365
21/10/2021;8.32;7.485996531
22/10/2021;8.29;7.491450251
25/10/2021;8.34;7.499827194
26/10/2021;8.36;7.491595277
27/10/2021;8.29;7.493768149
28/10/2021;8.36;7.494936205
29/10/2021;8.39;7.486265719
01/11/2021;8.37;7.491801624
02/11/2021;8.41;7.488718719
03/11/2021;8.44;7.478644426
04/11/2021;8.42;7.491109915
05/11/2021;8.40;7.505690275
08/11/2021;8.47;7.50888585
09/11/2021;8.48;7.513119876
10/11/2021;8.42;7.522724678
11/11/2021;8.46;7.529465532
12/11/2021;8.45;7.530962711
15/11/2021;8.43;7.529857484
16/11/2021;8.36;7.523281401
17/11/2021;8.36;7.532345207
18/11/2021;8.30;7.527761712
19/11/2021;8.36;7.520630142
22/11/2021;8.31;7.498121946
23/11/2021;8.38;7.489501515
24/11/2021;8.36;7.489194061
25/11/2021;8.41;7.489328234
26/11/2021;8.31;7.496979799
29/11/2021;8.40;7.486949579
30/11/2021;8.44;7.481285243
01/12/2021;8.43;7.485340081
02/12/2021;8.42;7.478022708
03/12/2021;8.35;7.486215252
06/12/2021;8.37;7.483621173
07/12/2021;8.36;7.48668618
08/12/2021;8.39;7.486047009
09/12/2021;8.34;7.4817416
10/12/2021;8.29;7.485962877
13/12/2021;8.24;7.488108831
14/12/2021;8.26;7.479214936
15/12/2021;8.31;7.482636807
16/12/2021;8.30;7.495180768
17/12/2021;8.27;7.494491392
20/12/2021;8.27;7.490490317
21/12/2021;8.30;7.489562994
22/12/2021;8.30;7.497578757
23/12/2021;8.32;7.500424449
24/12/2021;8.31;7.50122576
27/12/2021;8.31;7.502258228
28/12/2021;8.24;7.498969397
29/12/2021;8.22;7.498155193
30/12/2021;8.23;7.503658912
31/12/2021;8.21;7.511633992
03/01/2022;8.22;7.496347175
04/01/2022;8.25;7.503620337
05/01/2022;8.18;7.501325189
06/01/2022;8.14;7.490618734
07/01/2022;8.08;7.493623438
10/01/2022;8.03;7.496474842
11/01/2022;8.08;7.507470515
12/01/2022;8.12;7.509965205
13/01/2022;8.09;7.507986412
14/01/2022;8.11;7.505459271
17/01/2022;8.06;7.506168614
18/01/2022;8.06;7.503146291
19/01/2022;8.04;7.517814286
20/01/2022;8.03;7.517134907
21/01/2022;7.87;7.515006824
24/01/2022;7.80;7.519182513
25/01/2022;7.79;7.521870075
26/01/2022;7.79;7.50636648
27/01/2022;7.77;7.494113146
28/01/2022;7.84;7.490825282
31/01/2022;7.89;7.493968484
01/02/2022;7.94;7.496202837
02/02/2022;7.88;7.499312604
03/02/2022;7.89;7.498232765
04/02/2022;7.99;7.500131396
07/02/2022;8.06;7.506849988
08/02/2022;8.04;7.509839249
09/02/2022;8.08;7.513905628
10/02/2022;8.04;7.510348451
11/02/2022;7.98;7.527664878
14/02/2022;7.98;7.534324527
15/02/2022;8.04;7.524890368
16/02/2022;8.05;7.533586752
17/02/2022;7.97;7.548782508
18/02/2022;7.93;7.548782508
21/02/2022;7.86;7.552914224
22/02/2022;7.87;7.548893119
23/02/2022;7.87;7.554340062
24/02/2022;7.88;7.551654441
25/02/2022;7.90;7.543982841
28/02/2022;7.95;7.554329585
01/03/2022;7.99;7.573161205
02/03/2022;8.00;7.564611849
03/03/2022;7.94;7.568353441
04/03/2022;7.87;7.586144089
07/03/2022;7.82;7.599957013
08/03/2022;7.85;7.625965735
09/03/2022;7.90;7.596809093
10/03/2022;7.87;7.599391318
11/03/2022;7.85;7.595115749
14/03/2022;7.84;7.576035832
15/03/2022;7.87;7.559006972
16/03/2022;7.93;7.56387015
17/03/2022;7.94;7.571931834
18/03/2022;7.99;7.560923859
21/03/2022;7.98;7.568332779
22/03/2022;8.01;7.560960286
23/03/2022;8.00;7.572430966
24/03/2022;8.04;7.579520486
25/03/2022;8.05;7.579826922
28/03/2022;8.14;7.561537736
29/03/2022;8.13;7.559783546
30/03/2022;8.14;7.566761224
31/03/2022;8.10;7.569122793
01/04/2022;8.14;7.563034431
04/04/2022;8.16;7.56668879
05/04/2022;8.14;7.561953709
06/04/2022;8.08;7.562863048
07/04/2022;8.08;7.566238548
08/04/2022;8.09;7.574322317
11/04/2022;8.00;7.577388152
12/04/2022;8.00;7.584142798
13/04/2022;8.04;7.589740395
14/04/2022;8.01;7.587670299
15/04/2022;8.02;7.58996284
18/04/2022;8.01;7.590301467
19/04/2022;8.04;7.575630804
20/04/2022;8.03;7.579561349
21/04/2022;8.01;7.576415076
22/04/2022;8.00;7.566103954
25/04/2022;8.01;7.548466407
26/04/2022;7.95;7.552504968
27/04/2022;7.96;7.542266484
28/04/2022;7.99;7.546683838
29/04/2022;7.94;7.547992069
02/05/2022;7.95;7.529954106
03/05/2022;7.93;7.532687857
04/05/2022;7.99;7.539675782
05/05/2022;7.92;7.53752593
06/05/2022;7.90;7.541051601
09/05/2022;7.74;7.525192436
10/05/2022;7.75;7.516580191
11/05/2022;7.62;7.524237375
12/05/2022;7.56;7.50759128
13/05/2022;7.62;7.502070586
16/05/2022;7.62;7.508863922
17/05/2022;7.63;7.503928897
18/05/2022;7.58;7.504721901
19/05/2022;7.61;7.51852578
20/05/2022;7.58;7.521047234
23/05/2022;7.60;7.524879578
24/05/2022;7.58;7.53179351
25/05/2022;7.58;7.524809442
26/05/2022;7.51;7.523281401
27/05/2022;7.46;7.52494971
30/05/2022;7.58;7.525763957
31/05/2022;7.58;7.516079595
01/06/2022;7.49;7.521101389
02/06/2022;7.51;7.532934063
03/06/2022;7.47;7.523583955
06/06/2022;7.53;7.518297723
07/06/2022;7.52;7.524221179
08/06/2022;7.49;7.524755487
09/06/2022;7.49;7.521832196
10/06/2022;7.43;7.534548959
13/06/2022;7.12;7.506185104
14/06/2022;7.08;7.500247522
15/06/2022;7.07;7.514156502
16/06/2022;7.00;7.526895252
17/06/2022;7.00;7.517189274
20/06/2022;7.02;7.516835833
21/06/2022;7.02;7.513698337
22/06/2022;6.95;7.516280952
23/06/2022;7.03;7.508112601
24/06/2022;7.10;7.510364873
27/06/2022;7.09;7.508156489
28/06/2022;7.06;7.506597275
29/06/2022;7.01;7.505343749
30/06/2022;6.92;7.499572698
01/07/2022;6.97;7.501871868
04/07/2022;7.02;7.500059502
05/07/2022;7.05;7.475769983
06/07/2022;7.06;7.460985005
07/07/2022;7.12;7.461732342
08/07/2022;7.12;7.463064665
11/07/2022;7.04;7.458163089
12/07/2022;6.95;7.453561872
13/07/2022;6.98;7.459056597
14/07/2022;7.08;7.444213561
15/07/2022;7.14;7.443177901
18/07/2022;7.29;7.443792405
19/07/2022;7.35;7.445224781
20/07/2022;7.33;7.436369739
21/07/2022;7.37;7.44938747
22/07/2022;7.33;7.454511594
25/07/2022;7.33;7.449951655
26/07/2022;7.23;7.448520215
27/07/2022;7.38;7.458295725
28/07/2022;7.47;7.470702654
29/07/2022;7.46;7.476438406
01/08/2022;7.39;7.479960063
02/08/2022;7.41;7.473290654
03/08/2022;7.40;7.476070262
04/08/2022;7.37;7.490685727
05/08/2022;7.43;7.481837352
08/08/2022;7.49;7.489389724
09/08/2022;7.44;7.492364679
10/08/2022;7.52;7.491299625
11/08/2022;7.55;7.489814462
12/08/2022;7.57;7.496874389
15/08/2022;7.55;7.484205709
16/08/2022;7.54;7.481944359
17/08/2022;7.52;7.474074264
18/08/2022;7.54;7.472279003
19/08/2022;7.43;7.465689654
22/08/2022;7.36;7.459511691
23/08/2022;7.41;7.466313365
24/08/2022;7.43;7.468050836
25/08/2022;7.44;7.472335865
26/08/2022;7.35;7.460570855
29/08/2022;7.34;7.459966578
30/08/2022;7.35;7.452414052
31/08/2022;7.36;7.444856652
01/09/2022;7.37;7.436923641
02/09/2022;7.36;7.445528532
05/09/2022;7.38;7.44448254
06/09/2022;7.37;7.439641562
07/09/2022;7.40;7.449131446
08/09/2022;7.41;7.443347659
09/09/2022;7.45;7.448234846
12/09/2022;7.45;7.452715627
13/09/2022;7.38;7.439659187
14/09/2022;7.38;7.436805816
15/09/2022;7.32;7.417646466
16/09/2022;7.27;7.423604265
19/09/2022;7.21;7.424069811
20/09/2022;7.20;7.417514334
21/09/2022;7.18;7.422905538
22/09/2022;7.19;7.421309178
23/09/2022;7.17;7.404851079
26/09/2022;7.19;7.391637158
27/09/2022;7.19;7.395660219
28/09/2022;7.21;7.414554809
29/09/2022;7.20;7.41489813
30/09/2022;7.19;7.414940284
03/10/2022;7.19;7.438318822
04/10/2022;7.22;7.453637187
05/10/2022;7.20;7.447902784
06/10/2022;7.22;7.445727088
07/10/2022;7.19;7.435331819
10/10/2022;7.18;7.419746223
11/10/2022;7.16;7.418384884
12/10/2022;7.17;7.422487263
13/10/2022;7.17;7.418402887
14/10/2022;7.17;7.405173423
17/10/2022;7.19;7.408585111
18/10/2022;7.18;7.409875117
19/10/2022;7.17;7.395991676
20/10/2022;7.16;7.395119831
21/10/2022;7.17;7.413180346
24/10/2022;7.21;7.408397225
25/10/2022;7.30;7.410449936
26/10/2022;7.35;7.417322111
27/10/2022;7.33;7.416564872
28/10/2022;7.35;7.405410553
31/10/2022;7.36;7.398516961
01/11/2022;7.36;7.407305574
02/11/2022;7.32;7.399544862
03/11/2022;7.34;7.396022361
04/11/2022;7.41;7.427661549
07/11/2022;7.36;7.423944493
08/11/2022;7.20;7.445662854
09/11/2022;7.01;7.442340397
10/11/2022;7.19;7.470480513
11/11/2022;7.14;7.479435145
14/11/2022;7.11;7.479525473
15/11/2022;7.13;7.48377296
16/11/2022;7.10;7.480918879
17/11/2022;7.09;7.473319057
18/11/2022;7.10;7.467759563
21/11/2022;7.00;7.460519074
22/11/2022;7.03;7.46178406
23/11/2022;7.06;7.467188193
24/11/2022;7.09;7.470360879
25/11/2022;7.09;7.470184249
28/11/2022;7.07;7.462421696
29/11/2022;7.11;7.467285349
30/11/2022;7.17;7.477898318
01/12/2022;7.15;7.497262685
02/12/2022;7.16;7.49422441
05/12/2022;7.14;7.477988785
06/12/2022;7.14;7.479322224
07/12/2022;7.12;7.487884926
08/12/2022;7.15;7.489490336
09/12/2022;7.14;7.494051945
12/12/2022;7.15;7.485177305
13/12/2022;7.19;7.501524016
14/12/2022;7.18;7.499600364
15/12/2022;7.14;7.482597413
16/12/2022;7.09;7.491690091
19/12/2022;7.07;7.488640405
20/12/2022;7.10;7.505459271
21/12/2022;7.10;7.503504602
22/12/2022;7.10;7.49137773
23/12/2022;7.11;7.494541444
27/12/2022;7.10;7.503118723
28/12/2022;7.08;7.497955695
29/12/2022;7.09;7.503791159
30/12/2022;7.09;7.508798135
03/01/2023;7.10;7.517238202
04/01/2023;7.13;7.52540275
05/01/2023;7.13;7.513649235
06/01/2023;7.14;7.531386237
09/01/2023;7.18;7.534661156
10/01/2023;7.20;7.537446019
11/01/2023;7.20;7.536731871
12/01/2023;7.26;7.548076412
13/01/2023;7.28;7.56020025
16/01/2023;7.36;7.558005397
17/01/2023;7.37;7.554172422
18/01/2023;7.33;7.551769987
19/01/2023;7.34;7.566435231
20/01/2023;7.40;7.563242128
23/01/2023;7.40;7.565813997
24/01/2023;7.38;7.569081501
25/01/2023;7.39;7.573587787
26/01/2023;7.38;7.564865872
27/01/2023;7.38;7.564259222
30/01/2023;7.35;7.561730145
31/01/2023;7.36;7.56442518
